{
    "L1": {
        "original": 0.0,
        "blur_65_10": 0.046410056371241806,
        "noise_0.1": 0.07297246085745948,
        "value_noise_0.07": 0.06704078918056829,
        "value_shift_0.07": 0.06999999286873,
        "image_shift_x_9": 0.06894184430262872
    },
    "MSE": {
        "original": 0.0,
        "blur_65_10": 0.003721897518428575,
        "noise_0.1": 0.008473808391817978,
        "value_noise_0.07": 0.004617106142986034,
        "value_shift_0.07": 0.004900000671456967,
        "image_shift_x_9": 0.00969164190880422
    },
    "SSIM": {
        "original": 9.52612650248089e-08,
        "blur_65_10": 0.172124031010483,
        "noise_0.1": 0.3879678026522909,
        "value_noise_0.07": 0.34921392642600196,
        "value_shift_0.07": 0.06002729726689202,
        "image_shift_x_9": 0.2541836696650301
    },
    "MSSSIM": {
        "original": 0.0,
        "blur_65_10": 11.926012533051628,
        "noise_0.1": 16.731158678327287,
        "value_noise_0.07": 15.744079995019096,
        "value_shift_0.07": 12.972484062739781,
        "image_shift_x_9": 15.671574038096837
    },
    "MIX": {
        "original": 0.0,
        "blur_65_10": 10.025275831222535,
        "noise_0.1": 14.065848449707032,
        "value_noise_0.07": 13.235753203800746,
        "value_shift_0.07": 10.90808619090489,
        "image_shift_x_9": 13.175152465275355
    }
}